INSERT INTO department (`id`, `dept_name`)
VALUES
  (11, 'Administration'),
  (12, 'Financial'),
  (13, 'Executive and HR Operations'),
  (21, 'Pastoral'),
  (22, 'Counseling'),
  (23, 'Bereavement'),
  (31, 'Education'),
  (32, 'Adult Ed'),
  (33, 'Students MS and HS'),
  (34, 'Children 0 through 5th'),
  (41, 'Missions'),
  (42, 'Benevolence'),
  (51, 'Worship Arts'),
  (52, 'Music'),
  (53, 'Media');

INSERT INTO role (`id`, `title`, `salary`, `dept_id`)
VALUES
  (1201, 'Business Administrator', 85000, 12),
  (1202, 'Business Admin Assistant', 65000, 12),
  (1203, 'Payroll and Accounts Payable', 50000, 12),
  (1301, 'Executive Pastor', 95000, 13),
  (1302, 'Human Resources Coordinator', 70000, 13),
  (1303, 'Facilities Manager', 60000, 13),
  (2101, 'Senior Pastor', 99999, 21),
  (2102, 'Assistant to Senior Pastor', 80000, 21),
  (2103, 'Counseling Pastor', 85000, 21),
  (2104, 'Pastoral Offices Receptionist', 55000, 21),
  (3101, 'Pastor of Eduction', 95000, 31),
  (3202, 'Adult Education Coordinator', 20000, 32),
  (3303, 'Student Pastor', 75000, 33),
  (3304, 'Associate Student Pastor', 55000, 33),
  (3305, 'Students Admin Assistant', 40000, 33),
  (3401, 'Childrens Pastor', 75000, 34),
  (3402, 'Childrens Curr Coordinator', 25000, 34),
  (3403, 'PreK Director', 25000, 34),
  (4101, 'Missions Pastor', 95000, 41),
  (4102, 'Missions Admin Assistant', 45000, 41),
  (4201, 'Benevolence Coordinator', 25000, 42),
  (5101, 'Worship Arts Pastor', 90000, 51),
  (5102, 'Worship Arts Admin Assistant', 40000, 51),
  (5201, 'Music and Inst Director', 60000, 52),
  (5202, 'Vox and Recording Coordinator', 45000, 52),
  (5301, 'Media Director', 80000, 53),
  (5302, 'Media Admin Assistant', 30000, 53),
  (5303, 'Video Coordinator', 45000, 53);

INSERT INTO employee (`first_name`, `last_name`, `role_id`, `manager_id`)
VALUES
  ('Mel', 'Blackaby', 2101, null),
  ('Marcia', 'Pundsack', 1201, 2101),
  ('Amanda', 'Lewis', 1202, 1201),
  ('Jean', 'Blalock', 1203, 1201),
  ('Gary', 'Lewis', 1301, 2101),
  ('HRfirstname', 'HRlastname', 1302, 1201),
  ('Chip', 'Manross', 1303, 1301),
  ('Kelli', 'Bryan', 2102, 2101),
  ('Wendell', 'Webb', 2103, 2101),
  ('Rhonda', 'Butler', 2104, 2101),
  ('Andy', 'Cauble', 3101, 2101),
  ('Jane', 'Barnard', 3202, 3101),
  ('Corey', 'McMickle', 3303, 3101),
  ('Luis', 'Garcia', 3304, 3303),
  ('Cress', 'Welch', 3305, 3303),
  ('Amy', 'Rhodes', 3401, 3101),
  ('Mary', 'Barton', 3402, 3401),
  ('Juliana', 'Temple', 3403, 3401),
  ('Lanny', 'Loe', 4101, 2101),
  ('Damaris', 'Cabrera', 4102, 4101),
  ('Polly', 'Hughes', 4201, 4101),
  ('Scott', 'Allred', 5101, 2101),
  ('Gini', 'Muncus', 5102, 5101),
  ('Patrick', 'Ham', 5201, 5101),
  ('Emily', 'Breland', 5202, 5201),
  ('Tom', 'Gobebo', 5301, 5101),
  ('Erin Leigh', 'Sirmans', 5302, 5301),
  ('Thadd', 'Schipper', 5303, 5301);
